1615249080000,52292.14,52325.49,52288.15,52299.03,89.584,4685704.99892
1615249020000,52352.94,52352.95,52288.79,52292.14,106.939,5594297.63458
1615248960000,52265.39,52354.78,52248.43,52353.04,364.353,19056671.51597
1615248900000,52357.99,52393.89,52240.0,52265.39,441.703,23106650.59974
1615248840000,52351.26,52358.0,52321.37,52357.99,63.98,3348676.47823
1615248780000,52372.33,52383.99,52300.62,52351.27,222.609,11649500.74956
1615248720000,52312.27,52383.86,52301.1,52372.32,191.961,10048297.80829
1615248660000,52290.01,52320.0,52260.0,52312.28,113.372,5928494.3519
1615248600000,52332.55,52348.12,52290.0,52290.0,141.583,7407751.13631
1615248540000,52294.83,52337.97,52287.14,52332.54,95.84,5013612.38346
1615248480000,52369.04,52369.04,52237.81,52294.83,503.034,26300974.23012
1615248420000,52378.43,52419.39,52344.67,52369.04,154.005,8066425.83707
1615248360000,52365.42,52398.05,52300.0,52378.91,317.818,16633667.21058
1615248300000,52349.46,52437.39,52340.0,52365.42,277.911,14560401.36713
1615248240000,52507.2,52507.21,52341.4,52347.0,598.052,31347923.4433
1615248180000,52568.85,52590.0,52507.19,52507.75,412.953,21706657.55742
1615248120000,52542.35,52580.0,52496.35,52568.86,669.958,35207101.10381
1615248060000,52495.34,52578.56,52487.81,52542.35,595.74,31282568.81826
1615248000000,52429.43,52514.42,52429.42,52495.34,742.2,38955109.87753
1615247940000,52330.58,52444.0,52320.87,52429.43,262.552,13756022.82191
1615247880000,52330.2,52333.0,52280.0,52330.59,117.115,6125707.83925
1615247820000,52313.31,52331.39,52272.19,52331.39,101.924,5331338.03407
1615247760000,52297.11,52336.78,52270.02,52313.27,172.664,9031129.57687
1615247700000,52321.52,52324.07,52270.0,52297.11,195.573,10226983.46562
1615247640000,52361.92,52390.0,52305.99,52321.53,132.783,6951290.37156
1615247580000,52268.42,52390.54,52268.41,52361.92,181.669,9507766.85419
1615247520000,52376.57,52399.97,52242.73,52268.41,391.742,20486619.46553
1615247460000,52427.34,52450.0,52360.32,52376.57,352.811,18490930.20906
1615247400000,52359.36,52450.0,52354.17,52425.6,500.566,26233779.53398
1615247340000,52327.46,52384.0,52316.0,52358.62,487.432,25519482.11737
1615247280000,52189.41,52331.99,52175.53,52327.46,450.781,23563451.05247
1615247220000,52137.68,52222.85,52125.07,52191.0,334.089,17436281.58597
1615247160000,52135.77,52149.48,52110.99,52137.69,109.478,5707421.05342
1615247100000,52113.56,52153.86,52105.11,52135.78,74.706,3894630.69844
1615247040000,52101.05,52131.08,52076.83,52113.58,268.517,13988717.62874
1615246980000,52140.93,52165.27,52100.0,52101.05,143.999,7507137.65619
1615246920000,52156.32,52193.03,52120.45,52140.93,297.659,15528221.81021
1615246860000,52099.98,52156.32,52094.83,52156.31,123.751,6451078.82491
1615246800000,52086.59,52110.0,52086.58,52101.91,97.548,5082439.54719
1615246740000,52072.46,52110.0,52072.45,52086.59,103.093,5370496.64032
1615246680000,52065.19,52098.99,52055.34,52072.45,127.721,6651735.45388
1615246620000,52150.0,52150.0,52051.61,52065.18,188.384,9812431.18135
1615246560000,52129.48,52170.47,52110.01,52149.69,196.001,10221769.82698
1615246500000,52032.81,52133.94,52020.0,52129.47,197.975,10311173.8355
1615246440000,52142.83,52147.27,52010.05,52034.6,341.597,17794198.83625
1615246380000,52087.89,52190.0,52069.21,52142.83,458.528,23907104.6726
1615246320000,52017.88,52139.0,51999.23,52087.82,737.605,38418006.59314
1615246260000,51935.15,52030.0,51925.06,52017.87,449.991,23390333.18198
1615246200000,51857.9,51943.09,51854.8,51935.15,427.607,22197259.76599
1615246140000,51709.13,51857.91,51709.13,51857.91,246.668,12773094.97553
1615246080000,51775.98,51790.0,51700.92,51709.13,158.255,8187241.13314
1615246020000,51795.64,51799.83,51764.41,51775.99,60.849,3150703.04889
1615245960000,51815.87,51840.0,51772.09,51795.64,238.792,12370428.19304
1615245900000,51805.75,51835.2,51802.84,51815.87,50.969,2641383.4185
1615245840000,51820.99,51833.57,51800.0,51805.17,71.921,3726278.75441
1615245780000,51812.85,51846.47,51807.86,51820.99,81.743,4236299.78639
1615245720000,51823.16,51845.17,51786.2,51812.85,69.295,3590896.11966
1615245660000,51808.09,51859.98,51808.08,51823.16,97.609,5059952.25445
1615245600000,51790.01,51841.82,51790.0,51808.08,101.175,5243041.83343
1615245540000,51801.98,51801.98,51755.28,51790.01,80.095,4147110.48496
1615245480000,51818.01,51818.01,51734.73,51801.98,206.135,10670407.03486
1615245420000,51800.82,51834.99,51800.82,51818.01,61.572,3190771.80276
1615245360000,51815.3,51817.23,51796.92,51799.91,55.014,2850031.99196
1615245300000,51806.43,51819.9,51781.82,51815.3,110.673,5733226.22179
1615245240000,51822.71,51860.0,51772.32,51806.43,146.822,7607289.06382
1615245180000,51843.23,51857.19,51808.79,51822.71,77.123,3998016.89384
1615245120000,51838.04,51884.72,51838.04,51843.22,93.31,4839190.35958
1615245060000,51911.92,51913.57,51800.0,51838.04,223.652,11595915.31237
1615245000000,51852.65,51916.28,51846.17,51911.92,136.95,7105846.68638
1615244940000,51832.29,51890.02,51805.26,51855.17,224.049,11618360.54216
1615244880000,51817.85,51839.05,51800.0,51830.71,94.87,4915674.01958
1615244820000,51775.73,51819.77,51775.73,51819.76,71.782,3718652.74838
1615244760000,51733.03,51775.74,51726.97,51775.73,78.751,4075459.14018
1615244700000,51768.0,51807.01,51700.0,51733.04,240.266,12437989.73206
1615244640000,51739.99,51770.0,51739.98,51768.74,70.892,3669163.05877
1615244580000,51721.04,51749.8,51721.03,51739.99,86.57,4478934.46457
1615244520000,51761.81,51769.96,51688.0,51721.04,94.107,4869310.77936
1615244460000,51755.97,51770.0,51740.0,51761.81,93.923,4861340.6451
1615244400000,51665.43,51759.49,51665.43,51755.98,172.956,8944431.45038
1615244340000,51619.04,51665.43,51619.04,51665.43,64.694,3340777.83846
1615244280000,51635.83,51635.83,51612.14,51619.04,42.07,2172113.2433
1615244220000,51610.33,51643.84,51610.33,51635.83,71.501,3691464.11508
1615244160000,51642.35,51642.36,51601.03,51610.34,81.819,4223806.68034
1615244100000,51726.83,51729.35,51620.06,51642.36,107.108,5534862.33659
1615244040000,51682.15,51726.85,51682.14,51726.84,120.479,6229126.08676
1615243980000,51647.55,51682.15,51631.97,51682.15,56.263,2906329.71543
1615243920000,51671.34,51687.61,51633.79,51647.55,94.653,4890423.18421
1615243860000,51634.49,51673.94,51621.05,51671.34,80.211,4143351.95277
1615243800000,51583.7,51639.3,51551.01,51634.43,114.181,5890278.89263
1615243740000,51626.72,51640.14,51571.07,51583.71,115.811,5976943.05722
1615243680000,51625.64,51648.01,51600.0,51626.72,83.062,4288488.37284
1615243620000,51620.26,51635.74,51609.64,51625.16,80.751,4168672.41781
1615243560000,51646.23,51646.24,51538.88,51620.26,179.289,9248224.82978
1615243500000,51526.51,51650.0,51505.97,51646.23,188.701,9732752.71575
1615243440000,51530.35,51648.64,51498.91,51526.35,327.837,16906366.59785
1615243380000,51745.01,51745.01,51525.13,51526.13,393.289,20306965.42438
1615243320000,51752.7,51757.41,51745.0,51745.0,63.374,3279719.0897
1615243260000,51769.79,51769.79,51745.34,51752.71,44.509,2303492.157
1615243200000,51769.79,51775.0,51769.78,51769.78,48.021,2486211.38256
1615243140000,51761.1,51774.98,51754.51,51769.78,63.682,3296297.95577
1615243080000,51749.1,51808.75,51734.17,51761.45,97.422,5045035.29219
1615243020000,51846.06,51846.07,51716.0,51749.09,159.418,8255163.0949
1615242960000,51793.88,51848.39,51793.86,51846.06,136.298,7063536.0173
1615242900000,51747.43,51794.0,51744.83,51793.88,69.499,3597980.61375
1615242840000,51731.77,51747.58,51716.65,51747.43,89.829,4647000.81631
1615242780000,51714.22,51734.74,51711.57,51731.77,94.653,4895538.54645
1615242720000,51666.99,51720.0,51666.99,51714.23,141.152,7296804.30155
1615242660000,51605.87,51675.12,51605.0,51666.99,125.849,6498772.38802
1615242600000,51648.03,51648.03,51600.0,51607.21,113.079,5837459.8914
1615242540000,51630.9,51649.55,51630.54,51648.07,127.245,6570958.82009
1615242480000,51465.62,51634.09,51465.62,51630.89,264.487,13633360.01336
1615242420000,51614.97,51615.86,51334.71,51465.62,908.192,46757057.40751
1615242360000,51647.15,51664.0,51611.73,51614.98,175.642,9071221.58423
1615242300000,51626.46,51651.24,51626.46,51647.14,98.164,5069667.71382
1615242240000,51706.87,51707.77,51614.4,51626.47,285.716,14761240.49537
1615242180000,51723.33,51728.53,51700.0,51706.86,67.199,3475098.86198
1615242120000,51764.08,51766.0,51700.0,51723.32,147.572,7632589.62127
1615242060000,51768.27,51768.27,51763.71,51764.07,41.054,2125174.84693
1615242000000,51799.06,51806.59,51763.63,51768.26,80.22,4154300.05948
1615241940000,51784.26,51803.38,51784.25,51799.06,35.943,1861691.25168
1615241880000,51778.73,51794.62,51771.66,51784.25,69.184,3582734.515
1615241820000,51737.16,51780.75,51737.15,51778.72,74.073,3833996.94018
1615241760000,51758.08,51759.82,51733.31,51737.15,49.379,2555290.38146
1615241700000,51699.41,51761.76,51699.4,51758.09,143.822,7441590.75562
1615241640000,51715.68,51719.68,51680.0,51699.41,84.534,4370191.52725
1615241580000,51683.84,51719.74,51683.83,51715.68,79.736,4122045.16175
1615241520000,51729.22,51729.33,51664.62,51683.83,229.753,11876577.49729
1615241460000,51807.32,51816.46,51729.21,51729.21,120.018,6214610.59287
1615241400000,51818.19,51822.92,51802.34,51807.31,38.493,1994434.30654
1615241340000,51820.0,51840.48,51815.42,51818.19,66.373,3440088.44705
1615241280000,51822.24,51826.01,51789.67,51818.98,67.897,3517719.22611
1615241220000,51829.99,51830.0,51806.51,51822.24,58.633,3038103.59928
1615241160000,51730.46,51830.0,51727.71,51830.0,150.596,7798927.47652
1615241100000,51745.21,51763.49,51700.0,51730.47,230.61,11928157.69989
1615241040000,51889.23,51892.05,51745.21,51745.21,329.647,17080881.03354
1615240980000,51938.26,51947.43,51887.25,51889.23,120.357,6248379.69151
1615240920000,51930.42,51939.99,51926.32,51938.26,40.647,2110937.1112
1615240860000,51929.11,51949.98,51915.65,51927.24,115.368,5992022.27122
1615240800000,51889.86,51934.84,51889.85,51929.12,90.921,4720216.63271
1615240740000,51916.83,51916.83,51888.0,51889.85,81.112,4210040.51863
1615240680000,51928.35,51937.78,51916.62,51916.84,77.567,4027833.99788
1615240620000,51936.0,51937.02,51883.06,51923.43,91.602,4754927.06451
1615240560000,51970.73,51976.5,51926.66,51936.0,99.097,5148160.84343
1615240500000,51928.47,51977.73,51915.14,51971.67,107.223,5570738.11289
1615240440000,51962.45,51962.45,51887.57,51928.47,97.004,5035881.22345
1615240380000,51924.47,51969.99,51908.04,51962.45,154.381,8017503.54655
1615240320000,51925.84,51980.0,51899.49,51929.81,203.699,10580907.12763
1615240260000,51893.73,51960.0,51885.23,51925.84,273.594,14210416.91534
1615240200000,51797.0,51905.01,51796.99,51893.73,514.861,26687978.44974
1615240140000,51778.95,51799.99,51776.98,51797.0,76.655,3969696.43906
1615240080000,51797.95,51797.95,51754.38,51777.0,67.527,3496144.81249
1615240020000,51793.76,51797.99,51742.03,51797.98,103.605,5363893.14112
1615239960000,51766.06,51794.45,51742.02,51793.76,64.681,3348278.1304
1615239900000,51716.55,51780.96,51716.55,51766.06,85.99,4450983.66401
1615239840000,51729.98,51766.34,51708.56,51716.54,165.756,8575437.12386
1615239780000,51714.74,51730.0,51682.87,51729.98,88.053,4552853.46633
1615239720000,51724.27,51731.79,51680.59,51714.74,101.521,5248949.61437
1615239660000,51683.33,51726.06,51679.33,51724.87,104.403,5397987.03012
1615239600000,51662.09,51682.53,51620.66,51682.52,118.633,6127229.27416
1615239540000,51614.24,51666.62,51600.69,51662.1,188.875,9751182.91787
1615239480000,51669.72,51670.0,51610.0,51614.23,122.577,6329832.33973
1615239420000,51699.19,51699.19,51660.75,51669.1,82.337,4255072.6931
1615239360000,51702.33,51702.33,51690.6,51699.18,40.031,2069501.51083
1615239300000,51711.35,51711.36,51685.79,51702.33,70.573,3648514.47347
1615239240000,51700.01,51720.0,51695.0,51711.36,44.25,2288089.6103
1615239180000,51713.6,51717.77,51691.95,51700.0,45.89,2372551.56312
1615239120000,51706.48,51717.77,51690.73,51713.53,37.209,1923857.93565
1615239060000,51710.75,51713.89,51677.19,51706.47,82.304,4254752.16731
1615239000000,51702.54,51719.07,51680.0,51712.83,98.772,5106130.30907
1615238940000,51693.75,51714.12,51693.32,51702.54,51.032,2638456.03442
1615238880000,51710.85,51719.39,51685.29,51692.12,106.524,5506953.89532
1615238820000,51771.7,51771.7,51710.42,51710.84,56.626,2929164.54437
1615238760000,51760.69,51788.68,51736.38,51771.69,82.3,4259976.21744
1615238700000,51827.84,51847.89,51732.37,51760.7,185.273,9595421.51694
1615238640000,51786.7,51848.4,51750.0,51830.76,242.066,12538544.31192
1615238580000,51701.0,51798.09,51669.01,51786.71,283.322,14656638.67209
1615238520000,51684.99,51702.99,51651.99,51701.0,149.083,7705420.12434
1615238460000,51648.58,51685.0,51590.17,51685.0,388.287,20045356.91692
1615238400000,51679.7,51688.0,51637.59,51648.59,191.269,9882455.04508
1615238340000,51664.1,51704.12,51650.39,51679.71,146.349,7564803.52569
1615238280000,51677.0,51677.0,51604.32,51664.1,295.518,15261688.25122
1615238220000,51705.37,51706.87,51630.83,51676.99,155.395,8028836.71871
1615238160000,51702.5,51731.29,51653.35,51701.04,193.066,9978763.30595
1615238100000,51720.0,51741.54,51695.0,51702.49,108.908,5631537.78918
1615238040000,51748.96,51773.19,51710.17,51720.0,138.005,7139560.73388
1615237980000,51699.99,51748.96,51696.66,51748.96,152.863,7904032.66168
1615237920000,51699.72,51712.85,51681.05,51700.0,223.373,11547446.31455
1615237860000,51679.88,51700.0,51668.43,51699.67,133.774,6914914.54713
1615237800000,51707.58,51717.64,51651.51,51679.89,314.765,16270061.13292
1615237740000,51692.47,51720.0,51641.13,51707.58,273.366,14129624.51491
1615237680000,51687.37,51700.0,51677.1,51692.47,148.131,7657851.39148
1615237620000,51775.0,51777.19,51674.91,51687.17,257.152,13296053.60722
1615237560000,51643.09,51775.0,51563.01,51774.99,640.854,33115386.53592
1615237500000,51800.0,51800.36,51636.48,51643.08,654.229,33835014.89027
1615237440000,51887.61,51888.06,51800.0,51800.01,181.381,9400271.28457
1615237380000,51960.0,51960.0,51823.72,51887.61,211.811,10988899.62578
1615237320000,51902.86,51960.0,51894.79,51960.0,168.956,8774504.84332
1615237260000,51875.81,51905.0,51823.58,51903.2,309.854,16068997.04744
1615237200000,51821.67,51895.0,51815.73,51875.81,227.331,11790920.80789
1615237140000,51832.05,51838.38,51778.32,51821.3,168.698,8740220.90906
1615237080000,51838.87,51849.27,51803.91,51831.76,89.449,4635599.20333
1615237020000,51806.69,51877.28,51805.72,51838.87,199.526,10344024.8939
1615236960000,51840.0,51850.0,51784.46,51806.69,212.202,10995929.05656
1615236900000,51677.9,51840.0,51677.78,51840.0,367.26,19011875.97816
1615236840000,51815.86,51853.99,51669.28,51671.23,667.761,34560958.60335
1615236780000,51864.33,51864.99,51792.74,51815.86,289.618,15008809.42122
1615236720000,51931.66,51948.99,51824.25,51863.33,234.603,12171844.97161
1615236660000,51970.5,52000.0,51918.74,51931.04,219.992,11429476.41787
1615236600000,51918.1,52120.0,51918.1,51970.5,1201.96,62529342.0675
1615236540000,51923.36,51936.24,51857.0,51918.1,128.575,6671986.89366
1615236480000,51852.78,51953.6,51845.89,51923.37,273.256,14184819.5795
1615236420000,51853.03,51855.21,51773.7,51855.21,211.629,10965835.54882
1615236360000,51927.0,51931.76,51749.51,51853.02,634.226,32868167.36454
1615236300000,51955.81,51985.0,51857.35,51927.34,466.47,24220770.94763
1615236240000,51933.99,51988.88,51909.41,51955.69,873.51,45381911.94611
1615236180000,51844.99,51945.36,51750.0,51933.99,525.154,27226865.80131
1615236120000,51791.58,51848.99,51789.07,51845.0,530.998,27515425.5966
1615236060000,51711.12,51792.09,51711.12,51791.57,250.602,12972207.91094
1615236000000,51692.9,51773.26,51682.71,51711.12,415.267,21480425.0649
1615235940000,51630.39,51713.39,51620.71,51692.86,480.736,24844576.7111
1615235880000,51590.82,51637.32,51575.31,51636.14,155.936,8048368.94541
1615235820000,51585.56,51603.33,51540.0,51590.95,156.559,8074925.00258
1615235760000,51577.58,51597.86,51503.88,51585.66,263.449,13580898.70896
1615235700000,51574.99,51695.0,51461.25,51581.56,1165.391,60113563.77624
1615235640000,51631.28,51636.79,51561.01,51575.0,255.016,13157176.95195
1615235580000,51616.43,51669.61,51560.02,51631.28,361.502,18662512.36493
1615235520000,51574.31,51619.89,51574.0,51619.15,202.789,10462497.99885
1615235460000,51593.32,51598.49,51543.76,51574.3,266.062,13720524.27593
1615235400000,51520.27,51600.0,51520.27,51594.4,499.895,25777638.16026
1615235340000,51473.32,51535.0,51462.21,51520.26,272.758,14047468.53316
1615235280000,51472.75,51504.14,51456.79,51473.59,223.891,11526251.04244
1615235220000,51484.32,51508.17,51467.51,51471.65,93.341,4805762.35244
1615235160000,51515.82,51528.99,51480.44,51484.31,105.506,5434554.87852
1615235100000,51480.78,51538.43,51480.78,51515.83,165.812,8543396.39568
1615235040000,51460.0,51514.6,51456.78,51482.34,145.2,7476084.5652
1615234980000,51462.69,51475.96,51441.14,51460.01,80.71,4153468.04709
1615234920000,51415.99,51478.69,51415.99,51462.69,122.139,6284937.00515
1615234860000,51427.45,51439.21,51388.24,51415.99,145.094,7460548.27057
1615234800000,51366.07,51429.61,51354.11,51428.86,138.97,7141693.38801
1615234740000,51350.0,51418.22,51350.0,51366.07,241.746,12423038.45421
1615234680000,51400.01,51408.51,51345.0,51350.0,140.132,7197672.67097
1615234620000,51378.25,51418.52,51366.64,51400.01,115.078,5914168.18509
1615234560000,51385.54,51413.63,51366.0,51378.25,106.632,5479698.0213
1615234500000,51412.04,51414.22,51375.75,51385.45,94.925,4878020.85715
1615234440000,51344.7,51431.66,51336.0,51415.42,341.147,17529229.82139
1615234380000,51366.19,51374.96,51338.43,51344.7,156.58,8041371.59793
1615234320000,51370.07,51385.17,51362.22,51366.19,93.832,4820413.23432
1615234260000,51396.06,51418.28,51370.0,51370.07,140.734,7232388.67513
1615234200000,51454.23,51457.87,51387.88,51396.72,97.924,5035145.74553
1615234140000,51474.38,51474.79,51427.82,51451.88,155.508,8002046.55733
1615234080000,51433.02,51486.82,51430.18,51481.39,145.844,7504385.42334
1615234020000,51433.0,51476.69,51409.55,51430.44,190.971,9824383.35779
1615233960000,51401.89,51433.0,51392.65,51432.99,123.884,6369345.5493
1615233900000,51379.32,51415.25,51378.91,51401.9,110.25,5666708.38081
1615233840000,51369.86,51384.52,51332.71,51377.68,213.319,10955944.28456
1615233780000,51354.75,51379.99,51350.81,51369.86,114.631,5887899.02506
1615233720000,51415.2,51416.42,51337.83,51354.74,197.298,10135713.48489
1615233660000,51330.01,51415.2,51301.0,51415.2,203.37,10439663.78277
1615233600000,51372.12,51444.08,51330.0,51330.0,323.945,16650240.61552
1615233540000,51356.04,51382.53,51350.0,51370.07,100.339,5154373.47313
1615233480000,51381.1,51409.63,51352.88,51357.64,102.432,5263509.3924
1615233420000,51380.91,51391.74,51352.75,51381.24,99.218,5097512.23074
1615233360000,51318.01,51415.2,51318.0,51376.89,312.698,16064776.05856
1615233300000,51398.42,51398.42,51310.0,51320.36,246.652,12663199.97018
1615233240000,51364.82,51430.56,51364.81,51400.0,119.388,6136644.45972
1615233180000,51381.5,51409.99,51333.0,51362.68,315.177,16190919.76907
1615233120000,51426.88,51426.88,51375.12,51381.51,199.591,10258607.37772
1615233060000,51453.59,51493.36,51387.18,51426.87,374.774,19276913.52363
1615233000000,51498.61,51514.4,51452.24,51453.6,118.859,6119841.37859
1615232940000,51478.65,51510.37,51450.0,51498.61,139.061,7158919.44143
1615232880000,51514.93,51548.87,51470.0,51476.97,211.922,10916316.04139
1615232820000,51485.99,51550.0,51479.87,51514.94,423.48,21815590.10561
1615232760000,51464.89,51511.21,51456.82,51486.0,292.942,15081714.43495
1615232700000,51391.39,51470.71,51370.76,51464.9,472.636,24304170.83464
1615232640000,51422.15,51426.32,51382.0,51391.4,135.823,6981933.16482
1615232580000,51495.73,51495.74,51382.56,51422.07,300.046,15431973.42027
1615232520000,51408.56,51500.0,51404.38,51495.74,314.963,16207376.50881
1615232460000,51367.48,51473.46,51366.24,51408.56,433.379,22285980.78286
1615232400000,51310.44,51387.19,51310.43,51366.7,279.483,14352367.46559
1615232340000,51326.13,51359.76,51293.25,51312.46,149.353,7666155.39636
1615232280000,51350.0,51358.82,51323.02,51323.02,85.574,4393525.69565
1615232220000,51346.28,51359.76,51305.81,51350.0,119.819,6150975.99926
1615232160000,51371.0,51372.8,51277.23,51346.13,242.896,12467340.21792
1615232100000,51388.04,51408.94,51362.22,51371.01,272.912,14022843.28781
1615232040000,51450.0,51480.0,51371.91,51388.04,474.607,24410411.74581
1615231980000,51381.95,51450.0,51340.59,51449.99,569.773,29288791.12802
1615231920000,51336.99,51394.37,51323.31,51381.93,387.562,19907320.84633
1615231860000,51232.55,51389.0,51166.93,51337.0,818.77,41989112.23242
1615231800000,51035.62,51248.75,51035.61,51230.74,733.147,37493823.07984
1615231740000,50965.0,51040.0,50961.11,51033.29,93.503,4767579.52568
1615231680000,50999.99,50999.99,50962.0,50964.99,29.66,1511838.15653
1615231620000,51031.06,51050.35,50978.77,51000.0,178.584,9113310.09708
1615231560000,50995.55,51042.37,50980.61,51031.05,91.555,4671241.31111
1615231500000,50960.01,50997.59,50950.95,50995.55,84.138,4288415.01179
1615231440000,50936.79,50969.64,50936.79,50960.0,80.205,4087035.95601
1615231380000,50960.0,50983.31,50929.21,50936.79,129.605,6603676.51714
1615231320000,50992.93,51015.08,50960.0,50960.01,58.548,2985714.05322
1615231260000,51003.89,51020.82,50977.0,50992.94,143.028,7294076.83004
1615231200000,51053.67,51065.02,51002.76,51003.89,132.788,6775916.22801
1615231140000,50980.4,51067.71,50980.39,51053.67,301.156,15371203.20577
1615231080000,50998.22,51021.77,50950.68,50980.4,183.201,9339973.77801
1615231020000,51043.44,51044.7,50996.42,50998.22,90.202,4601540.58947
1615230960000,51095.7,51095.71,51020.0,51043.43,175.15,8941496.08048
1615230900000,51055.01,51099.22,51055.0,51095.7,121.716,6216620.74023
1615230840000,51027.02,51070.0,51009.26,51055.0,129.415,6605819.98765
1615230780000,50996.64,51044.64,50996.64,51027.03,364.781,18609975.7571
1615230720000,50957.37,51000.0,50955.3,50996.64,106.803,5445365.69776
1615230660000,50911.16,50960.0,50911.16,50957.37,39.096,1991650.95629
1615230600000,50941.22,50941.61,50890.02,50911.15,28.705,1461449.1149
1615230540000,50937.34,50968.0,50933.15,50943.73,75.993,3871963.1596
1615230480000,50915.34,50950.0,50915.33,50936.85,33.501,1706467.28732
1615230420000,50888.14,50950.0,50881.0,50915.34,54.663,2783300.67002
1615230360000,50891.94,50891.94,50847.06,50888.14,71.637,3644019.8822
1615230300000,50938.67,50946.13,50863.02,50893.14,89.003,4530192.42274
1615230240000,50952.42,50967.9,50923.49,50938.65,65.512,3337756.13957
1615230180000,50957.47,50979.5,50942.04,50952.43,81.765,4166789.58206
1615230120000,50904.8,50969.08,50904.79,50957.47,106.286,5414396.03209
1615230060000,50913.14,50943.81,50885.65,50904.8,94.271,4800367.92705
1615230000000,50872.14,50923.21,50855.35,50913.15,75.327,3832957.3192
1615229940000,50852.55,50872.64,50851.38,50872.14,81.796,4160602.71991
1615229880000,50842.06,50856.15,50840.0,50852.56,104.04,5290164.79089
1615229820000,50849.31,50849.73,50834.3,50842.06,85.99,4372132.5196
1615229760000,50857.28,50857.28,50831.92,50849.31,103.433,5259172.86778
1615229700000,50849.41,50857.29,50812.0,50857.28,208.721,10612060.1349
1615229640000,50851.82,50857.1,50821.01,50849.41,246.421,12528636.45662
1615229580000,50843.93,50860.31,50830.0,50851.81,183.315,9320567.64513
1615229520000,50885.15,50891.38,50837.0,50843.93,56.923,2895517.35984
1615229460000,50850.01,50893.95,50850.0,50885.9,50.244,2556301.43903
1615229400000,50859.68,50883.97,50840.0,50851.21,69.287,3524300.74831
1615229340000,50890.91,50916.15,50830.81,50859.69,211.234,10744341.99521
1615229280000,50880.43,50920.79,50876.38,50890.91,85.893,4371872.13936
1615229220000,50857.89,50881.17,50845.88,50880.44,57.921,2946058.17319
1615229160000,50809.0,50865.47,50800.03,50857.9,127.346,6473584.97926
1615229100000,50854.52,50898.52,50797.4,50809.0,300.689,15285821.43665
1615229040000,50849.07,50863.0,50835.37,50854.52,78.669,4000222.99458
1615228980000,50844.34,50865.63,50838.15,50849.07,71.378,3629488.23822
1615228920000,50837.99,50867.3,50827.41,50844.35,205.733,10460746.12426
1615228860000,50871.01,50871.02,50817.96,50838.0,194.33,9880716.46529
1615228800000,50882.74,50907.9,50868.67,50871.02,51.026,2596736.99012
1615228740000,50887.26,50903.91,50871.45,50882.74,92.912,4727723.27131
1615228680000,50910.01,50927.06,50873.01,50887.26,98.808,5029025.55206
1615228620000,50949.99,50959.14,50910.0,50910.0,66.002,3361556.12391
1615228560000,50977.78,50980.08,50942.23,50949.99,48.909,2492438.56306
1615228500000,50953.43,50988.0,50949.54,50977.78,42.201,2150629.53693
1615228440000,50931.73,50978.39,50931.73,50955.79,60.821,3099283.30621
1615228380000,50935.68,50965.85,50930.0,50931.73,39.28,2000994.11815
1615228320000,50933.0,50968.98,50932.99,50935.67,51.256,2611711.32412
1615228260000,50971.08,50984.7,50931.0,50933.0,97.248,4955163.47602
1615228200000,51001.08,51039.23,50970.0,50971.35,74.883,3820042.89294
1615228140000,50992.34,51010.37,50974.45,51001.08,65.58,3344072.07762
1615228080000,50987.35,50998.18,50970.36,50985.44,66.006,3365276.88075
1615228020000,50983.77,51040.01,50980.0,50987.35,206.69,10542602.10744
1615227960000,50967.06,51021.93,50967.06,50983.77,103.7,5288999.5592
1615227900000,51037.78,51040.24,50957.9,50967.05,163.276,8326793.42683
1615227840000,51030.77,51072.0,51021.72,51035.6,86.062,4393401.54974
1615227780000,51062.28,51095.03,51027.9,51030.77,76.438,3902610.29539
1615227720000,51038.78,51072.08,51024.59,51062.28,243.107,12409381.79606
1615227660000,51060.0,51085.68,51036.07,51038.77,100.784,5145723.98479
1615227600000,51090.05,51090.06,51048.57,51060.01,147.662,7540925.43016
1615227540000,51092.94,51132.43,51061.89,51090.05,351.389,17956255.94087
1615227480000,51025.82,51100.88,51018.18,51095.74,213.062,10878703.21755
1615227420000,50985.0,51041.34,50965.3,51025.89,212.589,10843837.35479
1615227360000,50906.85,51000.0,50906.85,50984.81,458.135,23350775.54119
1615227300000,50884.15,50923.16,50870.5,50906.86,39.29,1999680.19824
1615227240000,50908.02,50915.69,50872.01,50884.15,64.111,3262677.96743
1615227180000,50916.86,50945.54,50900.2,50904.0,62.578,3186583.52223
1615227120000,50903.99,50937.53,50863.53,50919.79,262.744,13374501.12182
1615227060000,50860.0,50904.0,50860.0,50904.0,55.28,2812691.23105
1615227000000,50831.24,50887.99,50831.24,50860.01,50.312,2559233.99118
1615226940000,50830.88,50860.0,50830.88,50831.24,37.38,1900567.84305
1615226880000,50835.0,50862.59,50825.0,50830.89,33.927,1724643.11831
1615226820000,50847.74,50869.18,50838.67,50838.67,27.808,1414319.59997
1615226760000,50816.01,50875.02,50809.09,50850.0,84.623,4302581.39806
1615226700000,50831.15,50874.09,50809.09,50816.02,118.218,6010211.25007
1615226640000,50864.39,50867.0,50830.04,50831.16,59.768,3039398.76858
1615226580000,50879.22,50900.0,50859.29,50864.38,45.525,2316384.04263
1615226520000,50904.49,50909.97,50867.57,50879.22,66.68,3393262.21551
1615226460000,50968.76,50970.68,50899.01,50904.5,166.383,8473807.09312
1615226400000,50854.64,50968.76,50854.63,50968.76,245.582,12504035.07121
1615226340000,50811.83,50867.22,50811.83,50854.64,112.103,5699424.80836
1615226280000,50804.4,50841.0,50800.0,50811.82,82.134,4173976.68396
1615226220000,50824.59,50855.33,50798.0,50804.39,41.028,2085392.25108
1615226160000,50796.54,50850.0,50796.54,50824.59,82.213,4177653.63558
1615226100000,50800.09,50810.0,50783.54,50793.22,80.863,4107485.6289
1615226040000,50819.65,50823.1,50778.04,50800.1,126.39,6420128.03618
1615225980000,50867.01,50867.01,50801.0,50819.66,78.996,4014228.12846
1615225920000,50877.13,50883.23,50835.15,50867.0,50.317,2558994.69855
1615225860000,50871.93,50885.88,50852.1,50877.12,45.408,2309950.84859
1615225800000,50855.92,50876.54,50829.72,50871.92,71.092,3615279.74727
1615225740000,50828.08,50888.0,50828.08,50855.92,142.09,7227600.14754
1615225680000,50794.0,50834.32,50792.69,50828.08,32.181,1635471.18714
1615225620000,50812.18,50824.94,50792.69,50794.0,38.918,1977332.95011
1615225560000,50826.99,50880.0,50812.17,50812.18,103.337,5254788.51187
1615225500000,50807.59,50862.91,50807.59,50829.51,80.399,4087814.11986
1615225440000,50792.69,50842.0,50792.68,50810.33,38.864,1975226.023
1615225380000,50802.26,50840.0,50788.0,50792.68,86.613,4401679.62284
1615225320000,50759.41,50806.41,50740.0,50802.25,97.999,4974623.81592
1615225260000,50774.4,50822.55,50758.42,50758.42,59.834,3039377.47871
1615225200000,50775.81,50798.06,50754.06,50776.88,54.106,2747213.17304
1615225140000,50835.4,50850.0,50775.8,50775.8,61.057,3102502.35086
1615225080000,50799.99,50873.59,50799.99,50835.4,81.967,4167569.84291
1615225020000,50784.3,50820.14,50778.01,50799.99,66.113,3358489.40919
1615224960000,50769.6,50794.19,50733.21,50784.3,164.337,8341045.73013
1615224900000,50803.0,50814.4,50762.71,50768.4,39.322,1997268.11632
1615224840000,50782.51,50813.0,50769.02,50803.01,62.541,3176502.0344
1615224780000,50809.93,50809.94,50750.0,50786.88,92.906,4716615.97571
1615224720000,50798.99,50842.3,50787.24,50806.24,76.198,3871727.94331
1615224660000,50798.43,50845.04,50790.84,50798.99,55.56,2823218.45177
1615224600000,50858.01,50880.0,50780.54,50798.04,144.833,7361466.79725
1615224540000,50877.71,50900.0,50851.96,50858.01,51.912,2640916.5242
1615224480000,50884.66,50919.38,50844.71,50877.72,177.258,9019571.71278
1615224420000,50819.14,50889.51,50819.13,50884.65,80.888,4114055.57813
1615224360000,50912.0,50912.0,50819.13,50819.13,110.558,5622303.00585
1615224300000,50840.41,50918.48,50824.99,50912.17,215.589,10966752.63848
1615224240000,50759.41,50850.0,50759.41,50839.39,93.135,4732940.61884
1615224180000,50777.15,50816.18,50754.5,50759.42,89.861,4564095.78821
1615224120000,50728.91,50784.25,50728.91,50777.15,74.207,3766869.90763
1615224060000,50734.99,50772.2,50670.48,50728.9,138.831,7041840.06285
1615224000000,50735.01,50749.51,50700.0,50735.0,91.766,4654753.70107
1615223940000,50771.77,50771.77,50721.0,50735.0,67.687,3434492.05451
1615223880000,50840.6,50840.6,50758.04,50774.37,60.428,3069441.80514
1615223820000,50805.46,50842.19,50798.93,50840.59,89.201,4533346.59297
1615223760000,50741.98,50820.81,50741.98,50802.9,75.482,3833341.37751
1615223700000,50792.86,50795.57,50720.0,50741.97,132.489,6723457.57225
1615223640000,50795.22,50827.47,50780.3,50792.86,80.029,4066017.24535
1615223580000,50783.99,50805.31,50767.69,50794.3,73.956,3756289.09506
1615223520000,50827.24,50833.02,50712.0,50784.0,224.696,11407376.4115
1615223460000,50868.95,50873.0,50825.12,50827.24,58.415,2970311.56861
1615223400000,50865.77,50874.78,50842.21,50868.95,63.539,3231599.62243
1615223340000,50856.64,50915.13,50856.64,50866.65,179.442,9131365.88136
1615223280000,50819.87,50866.76,50815.12,50856.64,107.885,5485378.00203
1615223220000,50841.84,50865.0,50815.2,50819.88,131.758,6699263.58586
1615223160000,50812.62,50849.31,50786.58,50841.83,130.645,6639978.748
1615223100000,50757.44,50820.16,50744.11,50807.07,203.905,10354819.34656
1615223040000,50777.57,50780.54,50706.11,50757.43,169.4,8596471.34564
1615222980000,50793.71,50799.99,50759.32,50777.56,85.377,4335457.70483
1615222920000,50815.61,50815.62,50767.16,50793.72,94.987,4824282.66945
1615222860000,50763.78,50818.11,50763.78,50815.44,142.711,7248975.47045
1615222800000,50718.99,50775.0,50715.8,50763.79,188.904,9584860.02009
1615222740000,50768.9,50780.77,50679.08,50718.99,161.477,8189882.51009
1615222680000,50754.9,50774.06,50723.69,50768.9,94.422,4792092.45976
1615222620000,50776.19,50799.81,50753.35,50754.9,146.846,7457249.41187
1615222560000,50731.17,50786.33,50720.0,50776.2,170.571,8656889.72227
1615222500000,50648.48,50738.8,50648.26,50731.17,158.573,8039476.95544
1615222440000,50666.98,50668.86,50600.0,50648.72,295.116,14943146.4973
1615222380000,50662.72,50689.14,50650.04,50668.99,186.414,9444885.16624
1615222320000,50637.17,50696.0,50627.17,50662.72,233.891,11848827.22039
1615222260000,50621.34,50681.47,50611.72,50635.5,488.667,24748777.15039
1615222200000,50780.2,50780.2,50616.0,50621.41,378.81,19194926.66051
1615222140000,50776.44,50799.26,50750.32,50782.49,107.912,5479371.71957
1615222080000,50797.95,50797.95,50720.0,50775.78,216.087,10968541.62035
1615222020000,50748.21,50807.0,50741.84,50797.95,184.993,9392761.29981
1615221960000,50742.86,50799.01,50742.04,50748.2,152.157,7725401.77075
1615221900000,50689.86,50774.5,50676.33,50742.85,224.939,11411285.06115
1615221840000,50750.42,50764.99,50650.0,50689.85,445.209,22572248.39131
1615221780000,50764.35,50800.0,50700.0,50750.6,281.726,14296217.48888
1615221720000,50835.26,50864.0,50730.0,50764.37,560.532,28467014.73413
1615221660000,50876.82,50895.13,50835.26,50835.27,101.932,5184780.56974
1615221600000,50905.53,50920.0,50855.86,50876.82,78.538,3996348.85695
1615221540000,50924.47,50955.85,50890.1,50905.53,57.802,2942961.65396
1615221480000,50924.99,50962.53,50920.0,50924.46,94.477,4813085.14361
1615221420000,50856.44,50924.99,50846.24,50924.99,134.881,6862997.19976
1615221360000,50908.47,50923.98,50846.0,50852.77,200.841,10218683.70403
1615221300000,50974.78,50974.78,50871.6,50908.46,169.792,8645007.59633
1615221240000,50914.91,50980.0,50910.77,50974.78,59.339,3023090.0115
1615221180000,50904.0,50918.22,50872.0,50911.73,148.757,7570853.63757
1615221120000,50884.91,50944.6,50883.91,50904.02,80.446,4095943.82028
1615221060000,50928.92,50938.24,50877.0,50884.93,210.767,10728604.08544
1615221000000,50985.0,51036.0,50864.13,50928.93,269.117,13709008.37943
1615220940000,50972.99,50990.0,50954.39,50982.2,44.699,2278405.0998
1615220880000,50975.45,50990.0,50950.0,50973.0,57.356,2923417.80498
1615220820000,50991.63,50991.63,50915.61,50974.69,166.049,8459317.32415
1615220760000,51050.72,51050.72,50960.35,50991.63,110.962,5658420.05141
1615220700000,51072.04,51072.04,51014.49,51050.72,131.134,6693421.63741
1615220640000,51047.86,51075.6,51042.84,51072.04,100.598,5136812.6933
1615220580000,51017.65,51049.9,50982.01,51047.85,133.075,6789089.36978
1615220520000,51008.41,51019.0,50975.05,51017.66,77.409,3947804.34541
1615220460000,51026.14,51026.14,50963.22,51008.42,102.841,5244603.24949
1615220400000,50945.82,51032.86,50945.09,51026.13,209.031,10659309.40279
1615220340000,50956.3,50960.59,50893.17,50945.81,100.98,5142640.40241
1615220280000,50957.42,50959.57,50888.0,50956.3,95.121,4844507.26475
1615220220000,50956.93,50976.71,50890.37,50954.55,163.197,8312046.63798
1615220160000,50831.23,50966.01,50826.44,50956.94,151.615,7718837.68891
1615220100000,50866.06,50917.66,50825.23,50831.24,164.258,8357398.69479
1615220040000,50879.99,50889.25,50860.0,50866.06,61.738,3140559.54978
1615219980000,50870.4,50897.11,50820.45,50880.0,141.977,7221261.86632
1615219920000,50797.91,50925.79,50797.91,50870.41,269.445,13705037.95431
1615219860000,50827.95,50850.0,50772.02,50799.24,471.146,23937479.54581
1615219800000,50906.93,50929.41,50780.2,50832.92,569.929,28975578.07938
1615219740000,50989.39,51013.0,50889.39,50903.12,265.702,13536401.56967
1615219680000,50965.71,51014.09,50963.25,50989.39,100.703,5134150.10873
1615219620000,51006.73,51012.44,50960.0,50965.72,102.646,5233325.96887
1615219560000,50969.32,51018.93,50969.32,51006.73,127.861,6520587.5881
1615219500000,50941.46,51006.93,50941.46,50966.89,145.481,7416686.96362
1615219440000,50978.8,51018.93,50938.39,50940.08,166.287,8476118.02932
1615219380000,50975.36,51023.0,50950.0,50978.49,314.456,16032283.53947
1615219320000,51076.03,51076.04,50972.26,50975.36,459.268,23432025.69631
1615219260000,51117.76,51179.62,51059.34,51081.61,172.509,8817919.65879
1615219200000,51083.03,51200.0,51083.03,51111.58,395.153,20214096.67335
1615219140000,51083.74,51100.0,51034.25,51082.65,99.12,5062605.07514
1615219080000,51009.95,51120.01,51009.94,51083.74,146.734,7495076.25798
1615219020000,51048.11,51075.5,50988.0,51009.94,176.413,8999487.5923
1615218960000,51080.98,51100.0,51030.01,51048.11,202.104,10323160.30585
1615218900000,51014.34,51084.0,51014.34,51080.98,115.324,5888961.25275
1615218840000,51032.48,51072.7,51010.0,51014.35,145.281,7414291.79738
1615218780000,51073.48,51100.0,51020.0,51031.04,195.852,9998848.30511
1615218720000,51122.61,51150.0,51052.12,51073.48,308.733,15777398.92718
1615218660000,51123.83,51191.24,51093.5,51122.99,169.067,8646811.23999
1615218600000,51060.18,51135.07,51060.18,51127.3,140.797,7195291.73349
1615218540000,51092.3,51097.86,51050.0,51060.78,170.039,8684537.50794
1615218480000,51166.18,51168.53,51078.67,51092.29,258.057,13187397.78575
1615218420000,51193.3,51224.18,51154.17,51166.18,178.049,9113920.61542
1615218360000,51235.98,51240.0,51170.55,51193.29,218.908,11209418.91097
1615218300000,51150.29,51250.0,51149.0,51235.98,456.119,23355985.37145
1615218240000,51120.97,51186.81,51120.97,51150.29,233.563,11946975.14829
1615218180000,51081.5,51148.3,51081.5,51120.97,176.845,9040883.1568
1615218120000,51136.53,51163.61,51077.68,51081.5,179.684,9186249.88084
1615218060000,51085.45,51150.0,51054.44,51135.86,346.028,17686947.72924
1615218000000,51000.0,51092.71,50985.51,51085.45,215.128,10975931.41649
1615217940000,50960.41,51010.0,50960.41,50999.99,179.428,9149152.00554
1615217880000,51048.5,51048.58,50939.89,50960.41,366.756,18698107.98053
1615217820000,51114.85,51150.0,51036.63,51047.87,345.212,17637416.69187
1615217760000,51199.72,51237.68,51105.0,51114.84,573.704,29369766.06812
1615217700000,51102.06,51200.0,51102.05,51199.72,300.274,15362937.21514
1615217640000,51064.07,51140.0,51049.79,51102.05,236.337,12077512.23918
1615217580000,51034.18,51111.0,51022.96,51063.81,360.307,18405962.79346
1615217520000,51017.98,51069.99,51013.05,51035.75,124.737,6367397.8757
1615217460000,51038.63,51075.2,50980.87,51020.3,183.846,9380786.13994
1615217400000,51005.44,51080.0,50986.74,51038.62,208.48,10640824.27257
1615217340000,50954.63,51031.36,50951.0,51005.44,177.374,9045314.93021
1615217280000,50996.61,51022.0,50930.63,50954.63,117.858,6008366.58539
1615217220000,50924.7,51001.7,50924.7,50996.75,111.706,5695086.87405
1615217160000,50946.18,50976.32,50920.0,50924.7,66.702,3398230.11093
1615217100000,50964.87,51019.99,50946.17,50946.17,129.589,6607316.6238
1615217040000,50923.62,50967.52,50881.01,50960.07,289.081,14719549.6366
1615216980000,51014.51,51031.05,50920.0,50923.62,148.859,7586582.69215
1615216920000,51016.1,51076.64,50970.8,51014.51,294.217,15011171.76316
1615216860000,50974.75,51078.0,50953.93,51016.1,382.927,19533121.10394
1615216800000,50972.74,50997.77,50929.05,50974.76,205.582,10477456.08332
1615216740000,50928.89,50973.0,50906.57,50972.93,124.98,6366771.72295
1615216680000,50908.02,50948.27,50881.39,50928.89,116.56,5934696.55426
1615216620000,50890.0,50948.3,50863.36,50908.03,79.908,4068449.56049
1615216560000,50889.0,50909.27,50850.0,50889.99,190.194,9676330.91215
1615216500000,50940.59,50992.96,50875.21,50889.01,326.032,16605551.31833
1615216440000,50858.17,50961.47,50854.02,50940.59,187.981,9572308.7083
1615216380000,50870.11,50880.0,50820.0,50857.43,121.257,6166163.61051
1615216320000,50867.89,50907.36,50817.31,50883.39,220.993,11239491.76146
1615216260000,50915.43,50986.48,50868.13,50868.87,257.201,13100494.11534
1615216200000,50947.17,50991.27,50880.47,50915.44,472.815,24083123.35731
1615216140000,50811.99,51014.97,50755.38,50947.17,870.199,44310057.27635
1615216080000,50811.36,50850.0,50738.64,50812.0,204.29,10377807.74029
1615216020000,50717.81,50823.0,50714.24,50811.36,308.832,15682447.30434
1615215960000,50688.8,50750.96,50664.12,50717.81,209.463,10622799.80701
1615215900000,50747.55,50747.55,50580.0,50696.5,869.613,44034175.06831
1615215840000,50641.92,50776.93,50634.21,50747.56,277.908,14092495.23301
1615215780000,50775.52,50776.8,50638.0,50641.92,292.841,14842711.67182
1615215720000,50712.44,50789.71,50685.28,50775.52,161.81,8209872.16022
1615215660000,50765.97,50765.97,50670.0,50712.44,227.768,11550639.33897
1615215600000,50784.37,50872.51,50718.84,50765.98,375.187,19067004.54116
1615215540000,50726.21,50800.0,50711.01,50784.38,158.375,8038925.54094
1615215480000,50682.04,50781.39,50682.04,50726.21,380.595,19310678.58493
1615215420000,50831.12,50831.3,50620.0,50682.05,936.93,47499896.05805
1615215360000,50980.81,51004.0,50802.0,50831.13,273.211,13911079.59747
1615215300000,50904.0,51019.99,50904.0,50980.0,335.901,17127761.70507
1615215240000,50853.88,50977.99,50806.88,50904.01,284.613,14489732.69188
1615215180000,50897.32,50928.06,50800.0,50853.89,270.228,13743934.34029
1615215120000,50859.11,50920.0,50834.43,50899.99,387.451,19713469.16295
1615215060000,50777.64,50859.11,50747.72,50859.11,436.242,22163677.22268
1615215000000,50810.0,50884.28,50710.0,50777.64,885.647,44967741.42133
1615214940000,51031.64,51042.12,50801.01,50809.99,1040.358,52972276.06167
1615214880000,51064.68,51131.42,51012.61,51031.28,483.343,24686755.42901
1615214820000,51185.14,51220.75,51047.75,51065.46,788.396,40310508.52484
1615214760000,51013.99,51280.5,50997.59,51185.14,1436.251,73501297.13772
1615214700000,50893.25,51047.54,50877.73,51014.0,806.235,41106940.34089
1615214640000,50889.03,50949.0,50804.1,50893.26,438.57,22317189.11286
1615214580000,50880.0,50960.0,50844.41,50889.02,601.451,30621347.37663
1615214520000,50849.47,50880.0,50749.2,50880.0,655.283,33304658.7572
1615214460000,50569.95,50860.11,50563.01,50849.46,892.553,45274632.04898
1615214400000,50537.89,50583.03,50481.54,50569.94,503.738,25460389.18108
1615214340000,50406.52,50550.09,50400.62,50537.58,572.696,28911343.65945
1615214280000,50367.86,50411.0,50316.31,50408.78,521.453,26264100.03765
1615214220000,50240.75,50420.74,50158.98,50363.08,1072.897,53957239.01644
1615214160000,50540.09,50540.59,50240.75,50240.75,1389.218,70004633.56706
1615214100000,50512.78,50576.93,50501.01,50536.34,428.275,21647632.37002
1615214040000,50593.0,50660.2,50490.0,50513.53,617.465,31225273.79987
1615213980000,50706.69,50746.94,50477.94,50590.11,1315.686,66556051.77736
1615213920000,50839.74,50839.74,50700.0,50712.37,407.661,20692053.25484
1615213860000,50946.12,50946.12,50826.51,50839.74,277.782,14129079.44793
1615213800000,50962.9,50975.0,50912.8,50946.13,156.185,7956354.33264
1615213740000,50940.71,50975.0,50940.53,50962.9,102.943,5245806.85419
1615213680000,50929.16,50975.0,50924.15,50940.71,83.064,4232177.82351
1615213620000,50923.55,50929.92,50890.69,50929.16,87.078,4432976.77108
1615213560000,50926.93,50979.49,50917.41,50923.34,148.36,7558825.77614
1615213500000,50875.0,50940.62,50875.0,50927.18,155.678,7927409.05949
1615213440000,50860.41,50881.99,50850.68,50875.01,55.544,2825568.77117
1615213380000,50886.53,50893.42,50860.0,50860.41,75.287,3830508.2269
1615213320000,50880.0,50902.7,50873.91,50886.53,67.661,3443191.85369
1615213260000,50904.42,50905.74,50867.01,50880.0,91.332,4647199.05903
1615213200000,50902.23,50920.0,50882.01,50904.42,143.634,7311279.07732
1615213140000,50862.75,50919.03,50860.54,50902.23,94.137,4790564.31056
1615213080000,50850.0,50878.07,50831.65,50862.75,64.167,3263635.669
1615213020000,50829.7,50854.99,50805.0,50850.0,117.623,5978946.22336
1615212960000,50826.15,50856.68,50807.38,50829.71,142.746,7255522.91539
1615212900000,50750.01,50871.1,50750.0,50826.15,236.127,12000158.30223
1615212840000,50805.53,50816.39,50731.58,50750.0,511.285,25961348.66887
1615212780000,50842.55,50866.07,50802.09,50803.05,129.923,6604246.4504
1615212720000,50897.31,50897.32,50835.37,50840.53,67.378,3427191.7536
1615212660000,50851.13,50898.99,50840.19,50897.31,88.477,4500181.84251
1615212600000,50883.0,50883.0,50850.0,50851.12,131.437,6684554.34971
1615212540000,50838.9,50909.1,50838.9,50883.0,75.562,3844178.16605
1615212480000,50872.8,50888.5,50828.7,50838.9,182.777,9294612.2745
1615212420000,50908.2,50928.58,50870.69,50872.79,70.735,3600838.53474
1615212360000,50855.22,50908.99,50851.03,50903.76,121.65,6188340.73653
1615212300000,50888.89,50930.0,50850.0,50855.22,128.542,6539690.41259
1615212240000,50885.45,50950.0,50869.0,50888.87,189.629,9653003.57445
1615212180000,50928.11,50967.34,50880.01,50885.45,160.356,8163691.681
1615212120000,50891.53,50976.16,50887.24,50928.1,224.116,11417530.38352
1615212060000,50978.97,50990.37,50887.24,50895.23,214.472,10922104.6634
1615212000000,51016.21,51026.0,50920.49,50978.96,434.749,22160423.11909
1615211940000,50949.77,51085.99,50943.14,51016.21,531.179,27098216.68265
1615211880000,50888.46,50950.0,50871.52,50949.56,103.33,5260479.77606
1615211820000,50877.29,50910.0,50870.76,50888.46,96.034,4887027.49405
1615211760000,50853.88,50888.88,50842.74,50877.29,104.762,5329059.40958
1615211700000,50903.91,50903.91,50850.85,50857.36,114.52,5826397.1513
1615211640000,50904.07,50922.0,50876.64,50903.92,185.977,9466699.05374
1615211580000,50863.17,50911.99,50855.47,50904.07,127.351,6479965.63028
1615211520000,50835.89,50863.18,50782.0,50863.17,267.901,13613370.83692
1615211460000,50856.19,50880.0,50813.76,50835.4,230.115,11699486.63138
1615211400000,50893.48,50893.48,50808.36,50856.31,167.303,8506055.51064
1615211340000,50883.32,50938.21,50866.2,50893.48,362.092,18433641.28218
1615211280000,50853.57,50887.37,50850.0,50883.32,66.664,3391107.33436
1615211220000,50867.97,50876.65,50850.0,50855.11,78.534,3994076.30419
1615211160000,50836.74,50903.99,50830.0,50867.98,132.647,6746905.20651
1615211100000,50906.36,50906.37,50830.61,50832.82,184.431,9380690.99373
1615211040000,50940.44,50940.45,50886.86,50906.36,118.64,6040489.54756
1615210980000,50954.4,50975.69,50885.71,50940.44,361.155,18393762.32037
1615210920000,50896.95,50990.0,50893.11,50954.4,241.148,12287048.85247
1615210860000,50857.98,50916.01,50842.82,50899.99,155.233,7898763.09693
1615210800000,50863.13,50868.0,50800.95,50857.99,295.351,15013748.29724
1615210740000,50917.91,50923.55,50858.93,50863.13,265.054,13486509.7543
1615210680000,50888.99,50954.98,50860.0,50917.9,267.202,13602746.30693
1615210620000,50930.0,50937.91,50888.06,50889.0,221.49,11276446.01065
1615210560000,50983.01,50983.01,50884.27,50930.01,268.508,13669090.76082
1615210500000,50969.45,50990.0,50927.48,50983.0,254.054,12946641.90519
1615210440000,51021.01,51029.92,50920.13,50979.29,361.918,18446970.75026
1615210380000,51048.75,51117.08,50985.87,51021.0,525.193,26807792.22992
1615210320000,50780.01,51107.37,50779.99,51049.87,1513.653,77149729.24739
1615210260000,50737.15,50824.52,50735.34,50779.99,238.399,12107827.29673
1615210200000,50749.93,50762.1,50666.0,50738.66,306.294,15532526.0271
1615210140000,50770.07,50794.31,50733.26,50749.92,205.632,10437254.78368
1615210080000,50787.77,50800.0,50750.0,50774.91,165.556,8405425.05418
1615210020000,50808.65,50810.23,50751.59,50787.77,278.358,14134489.45462
1615209960000,50831.64,50859.0,50773.33,50808.66,315.101,16012075.19687
1615209900000,50886.53,50933.26,50660.0,50830.58,1149.328,58372765.20492
1615209840000,50776.93,50952.45,50730.55,50885.44,1234.212,62795931.62528
1615209780000,50777.74,50784.99,50674.51,50779.69,422.796,21448778.36817
1615209720000,50793.35,50898.25,50622.02,50777.74,1367.091,69415243.5294
1615209660000,50615.91,50880.0,50615.91,50792.73,1009.555,51253270.95924
1615209600000,50713.57,50757.57,50505.46,50615.92,1217.093,61634719.35885
1615209540000,50558.99,50768.32,50540.93,50711.11,1755.208,88954135.02965
1615209480000,50491.1,50560.0,50491.1,50558.99,176.383,8914646.06595
1615209420000,50510.43,50518.09,50480.0,50491.1,112.338,5672623.38343
1615209360000,50485.31,50549.83,50485.31,50510.29,174.371,8809479.58325
1615209300000,50434.04,50532.92,50423.57,50485.31,180.852,9131516.71006
1615209240000,50360.01,50434.05,50345.57,50434.05,170.162,8573491.40418
1615209180000,50389.2,50419.38,50358.05,50360.0,118.301,5960868.51876
1615209120000,50393.94,50438.78,50389.2,50389.21,106.622,5375598.10016
1615209060000,50447.3,50447.31,50393.93,50393.93,73.198,3690183.63917
1615209000000,50423.42,50460.0,50400.0,50447.31,89.74,4525295.16642
1615208940000,50512.33,50516.77,50424.0,50424.0,168.266,8494081.49934
1615208880000,50439.01,50513.0,50375.85,50512.33,230.924,11647674.20483
1615208820000,50473.8,50518.0,50430.23,50439.02,223.973,11304598.75203
1615208760000,50463.38,50510.0,50460.0,50473.81,224.542,11337178.60311
1615208700000,50431.92,50500.0,50418.43,50463.38,408.297,20607397.24399
1615208640000,50429.26,50450.0,50416.57,50431.93,186.437,9402732.41349
1615208580000,50390.0,50434.73,50370.05,50430.09,122.673,6183082.54911
1615208520000,50380.0,50392.95,50361.37,50389.99,120.84,6087574.15
1615208460000,50374.0,50380.75,50344.92,50380.0,78.303,3943185.55689
1615208400000,50320.82,50380.0,50307.94,50374.0,159.799,8045993.07962
1615208340000,50304.31,50327.0,50280.84,50320.83,40.685,2046772.74954
1615208280000,50325.99,50335.53,50287.51,50303.09,67.105,3376185.89911
1615208220000,50299.35,50380.77,50277.89,50327.13,173.412,8729352.57485
1615208160000,50257.39,50307.31,50216.68,50299.34,109.01,5478894.01524
1615208100000,50328.71,50328.72,50246.83,50257.38,127.962,6434680.44517
1615208040000,50297.85,50335.44,50263.02,50328.72,106.127,5338610.18638
1615207980000,50244.39,50302.04,50216.5,50295.46,208.085,10459571.09812
1615207920000,50229.99,50253.79,50213.05,50244.38,72.643,3649151.80134
1615207860000,50233.32,50279.99,50226.56,50230.0,95.948,4821762.92295
1615207800000,50199.99,50240.08,50193.77,50233.32,83.006,4168568.53919
1615207740000,50236.76,50236.77,50177.0,50199.99,141.915,7122910.87768
1615207680000,50157.19,50258.79,50150.99,50236.76,202.785,10180274.52917
1615207620000,50256.77,50256.78,50157.19,50157.19,237.975,11945210.91828
1615207560000,50307.28,50325.0,50240.0,50257.27,153.636,7726088.64842
1615207500000,50292.18,50323.81,50285.08,50307.28,60.462,3041364.67359
1615207440000,50323.81,50327.07,50286.16,50292.19,64.107,3225135.10059
1615207380000,50313.67,50332.77,50265.0,50323.81,147.076,7398374.11051
1615207320000,50267.01,50329.09,50236.75,50313.67,129.289,6502168.39604
1615207260000,50313.3,50330.19,50259.24,50267.0,108.74,5469789.58852
1615207200000,50280.58,50324.76,50225.51,50303.93,284.683,14311105.06825
1615207140000,50226.74,50280.59,50219.18,50280.59,81.414,4091022.12408
1615207080000,50281.73,50293.56,50206.0,50226.74,199.446,10019974.29673
1615207020000,50280.09,50295.45,50237.77,50281.72,138.044,6939320.10982
1615206960000,50207.64,50281.7,50164.0,50275.57,336.308,16884285.14074
1615206900000,50342.01,50343.01,50200.55,50207.64,376.903,18940335.84445
1615206840000,50310.14,50349.99,50291.53,50342.01,76.603,3854225.02917
1615206780000,50340.46,50361.92,50306.0,50310.14,123.806,6231589.26982
1615206720000,50368.65,50390.73,50340.0,50340.0,88.853,4475286.01605
1615206660000,50408.79,50470.65,50341.06,50368.59,402.257,20277521.36012
1615206600000,50307.3,50434.15,50291.53,50407.06,202.216,10186633.11805
1615206540000,50312.01,50317.0,50286.0,50309.4,123.885,6231226.96398
1615206480000,50382.87,50391.5,50302.01,50312.01,95.842,4824288.17744
1615206420000,50376.66,50428.77,50371.92,50382.88,175.223,8831579.95215
1615206360000,50285.73,50418.71,50277.0,50375.51,240.329,12100573.43955
1615206300000,50292.94,50292.94,50255.0,50285.74,69.633,3500746.37819
1615206240000,50258.0,50299.99,50258.0,50292.93,83.597,4203629.27481
1615206180000,50317.97,50317.98,50253.09,50257.8,96.466,4851028.67898
1615206120000,50292.94,50322.87,50268.01,50317.97,115.93,5830672.87095
1615206060000,50252.09,50308.39,50252.09,50292.93,113.481,5707002.495
1615206000000,50257.55,50266.06,50228.04,50252.1,103.519,5200984.39796
1615205940000,50279.64,50284.21,50245.0,50257.54,140.161,7043995.10579
1615205880000,50371.49,50376.9,50260.0,50277.08,295.012,14838868.21528
1615205820000,50420.49,50490.0,50370.73,50370.73,327.308,16511529.78239
1615205760000,50365.36,50454.2,50365.36,50420.5,224.854,11335412.79524
1615205700000,50373.43,50373.43,50323.38,50365.37,96.976,4882128.55901
1615205640000,50327.54,50383.87,50323.47,50373.43,248.785,12528038.64834
1615205580000,50264.71,50327.54,50260.0,50327.54,70.583,3549597.59723
1615205520000,50277.35,50296.66,50263.3,50265.61,116.684,5866703.30569
1615205460000,50301.89,50326.42,50272.0,50277.34,166.25,8360863.95154
1615205400000,50291.84,50319.78,50281.0,50303.58,174.041,8753564.19926
1615205340000,50299.01,50385.95,50277.12,50291.02,504.255,25376328.48137
1615205280000,50300.0,50338.13,50275.0,50292.41,183.803,9245650.86416
1615205220000,50334.85,50359.39,50253.85,50300.0,529.023,26608597.28503
1615205160000,50415.07,50415.07,50334.84,50334.85,189.785,9558770.67253
1615205100000,50346.97,50421.01,50339.61,50415.07,152.281,7672526.01771
1615205040000,50377.63,50386.07,50330.68,50346.97,329.896,16611290.37884
1615204980000,50409.02,50454.73,50366.0,50377.63,309.598,15605500.41151
1615204920000,50441.98,50453.39,50374.57,50409.01,301.229,15182918.59971
1615204860000,50480.98,50485.46,50415.93,50441.97,305.248,15397073.63359
1615204800000,50529.09,50580.0,50477.94,50479.18,831.401,42013309.55469
1615204740000,50523.91,50600.0,50470.35,50529.08,650.077,32842231.29198
1615204680000,50409.6,50609.4,50396.16,50523.91,1230.745,62186481.76741
1615204620000,50374.8,50440.05,50335.52,50409.62,234.595,11823218.85683
1615204560000,50339.85,50441.78,50337.08,50374.79,569.27,28692642.93794
1615204500000,50309.01,50349.77,50309.0,50339.85,160.09,8057821.40985
1615204440000,50319.55,50338.0,50260.01,50307.0,173.62,8732931.96271
1615204380000,50275.62,50342.91,50275.62,50317.17,265.96,13380852.95463
1615204320000,50213.65,50301.62,50213.65,50275.62,296.995,14933035.06638
1615204260000,50224.97,50235.97,50206.51,50213.65,77.472,3890775.7802
1615204200000,50203.74,50236.83,50189.64,50227.27,80.802,4057494.95038
1615204140000,50208.0,50208.0,50166.71,50203.74,94.721,4754642.43886
1615204080000,50187.09,50208.0,50150.01,50208.0,137.922,6921464.71081
1615204020000,50140.01,50187.74,50135.77,50187.74,153.663,7708244.73271
1615203960000,50096.85,50158.29,50087.04,50140.01,160.55,8049849.61143
1615203900000,50105.39,50107.26,50000.89,50096.85,323.748,16208151.67497
1615203840000,50119.74,50178.99,50081.06,50105.39,206.705,10360964.51855
1615203780000,50245.19,50245.19,50107.53,50119.74,342.647,17183926.58604
1615203720000,50235.89,50270.44,50222.35,50248.21,94.681,4757699.34193
1615203660000,50256.43,50256.43,50199.76,50235.88,195.447,9816324.26289
1615203600000,50284.44,50320.99,50240.79,50256.44,207.176,10416497.81498
1615203540000,50324.79,50356.3,50265.61,50284.43,340.849,17147354.28354
1615203480000,50267.94,50350.0,50265.06,50325.53,329.436,16577644.34352
1615203420000,50288.41,50316.0,50242.91,50265.86,299.125,15037513.59056
1615203360000,50295.19,50380.0,50256.74,50288.37,671.039,33770921.07739
1615203300000,50164.09,50330.0,50163.89,50295.2,466.522,23443039.6191
1615203240000,50157.67,50198.06,50150.02,50164.09,221.554,11116500.61697
1615203180000,50076.39,50183.94,50058.27,50157.67,298.487,14965624.68994
1615203120000,50058.28,50080.0,50021.93,50076.39,94.448,4727019.92425
1615203060000,50075.92,50085.56,50046.97,50058.28,74.134,3711790.94407
1615203000000,50032.42,50077.07,50018.71,50076.84,82.406,4124287.34365
1615202940000,50059.17,50066.0,50001.56,50032.41,104.141,5210127.5395
1615202880000,50067.93,50075.0,50026.68,50059.17,159.592,7988199.73102
1615202820000,50006.12,50068.0,50001.53,50067.93,114.023,5706495.0534
1615202760000,50000.0,50032.58,49999.99,50007.3,74.008,3701523.72537
1615202700000,49965.61,50000.0,49963.8,49999.89,199.486,9970207.95851
1615202640000,49969.41,49999.0,49951.89,49965.61,144.404,7216060.7142
1615202580000,49961.01,49977.46,49930.0,49969.41,135.255,6756945.9413
1615202520000,50000.0,50018.96,49936.75,49960.43,218.114,10902190.42881
1615202460000,50038.84,50038.95,49954.71,50000.0,182.205,9107867.62328
1615202400000,50092.01,50099.99,50037.82,50038.84,132.173,6618268.32379
1615202340000,50054.82,50094.0,50047.18,50092.01,101.686,5091461.93136
1615202280000,50039.0,50070.0,50028.59,50057.35,130.185,6515737.93714
1615202220000,49994.62,50040.0,49980.0,50038.99,157.867,7895294.59209
1615202160000,50060.0,50060.0,49983.48,49992.92,173.085,8657490.19314
1615202100000,50048.79,50069.41,50006.6,50060.0,193.743,9694174.84446
1615202040000,50078.15,50080.0,50019.33,50048.79,147.232,7367090.56141
1615201980000,50044.13,50079.05,50032.71,50078.15,140.176,7016834.45366
1615201920000,49955.62,50061.2,49955.62,50044.13,303.228,15163888.0131
1615201860000,50027.63,50031.03,49899.15,49955.61,424.282,21193093.34826
1615201800000,50001.08,50049.9,49981.86,50027.64,227.009,11354009.57207
1615201740000,50100.0,50100.0,49989.31,50001.1,277.441,13877800.92605
1615201680000,50118.55,50119.8,50072.59,50100.0,116.928,5857754.00898
1615201620000,50144.72,50171.34,50100.0,50118.54,130.255,6529665.34144
1615201560000,50133.0,50170.0,50130.96,50146.16,71.002,3560825.01929
1615201500000,50140.05,50140.05,50108.0,50133.0,68.61,3438792.69351
1615201440000,50189.97,50225.46,50140.0,50140.04,104.213,5229575.00724
1615201380000,50163.62,50212.64,50163.61,50188.13,96.236,4830604.92363
1615201320000,50166.82,50177.5,50135.66,50163.62,74.121,3717252.12728
1615201260000,50181.66,50213.95,50166.81,50166.81,147.673,7411536.58078
1615201200000,50094.92,50182.87,50076.63,50180.88,178.781,8964481.72182
1615201140000,50114.54,50138.67,50090.24,50094.92,129.509,6491091.91012
1615201080000,50070.0,50129.76,50059.82,50114.54,118.571,5939967.60177
1615201020000,50107.69,50107.69,50070.0,50070.0,57.59,2885106.17834
1615200960000,50050.0,50113.07,50048.62,50107.7,76.868,3850468.14811
1615200900000,50045.35,50103.14,50045.35,50050.0,86.389,4325938.91778
1615200840000,50075.36,50094.16,50007.39,50045.34,161.816,8098859.33279
1615200780000,50107.39,50142.49,50047.57,50075.04,247.251,12383766.94221
1615200720000,50149.99,50181.37,50100.49,50107.39,92.047,4615837.10775
1615200660000,50067.0,50162.91,50062.0,50149.99,125.358,6281752.19075
1615200600000,50119.14,50119.14,50067.0,50067.0,272.535,13650329.83434
1615200540000,50192.59,50195.15,50064.15,50119.13,309.331,15500902.3844
1615200480000,50139.26,50194.1,50132.67,50192.59,109.409,5488070.12106
1615200420000,50179.04,50180.01,50105.29,50139.25,199.336,9993348.58683
1615200360000,50200.18,50203.0,50130.06,50179.05,324.471,16277668.86452
1615200300000,50217.09,50274.91,50200.17,50200.17,120.344,6045691.67848
1615200240000,50273.24,50274.93,50202.73,50217.08,140.988,7083050.74846
1615200180000,50233.21,50288.0,50233.2,50273.26,126.556,6361886.23622
1615200120000,50192.84,50259.91,50189.76,50233.21,120.392,6047221.84828
1615200060000,50187.72,50234.75,50180.0,50192.85,169.563,8511950.47236
1615200000000,50226.31,50267.99,50182.14,50187.72,304.496,15291467.85647
1615199940000,50260.01,50276.4,50195.0,50226.31,328.773,16514803.22829
1615199880000,50250.0,50289.73,50241.12,50260.02,163.942,8240267.14681
1615199820000,50242.44,50300.0,50242.43,50250.96,352.523,17723845.65984
1615199760000,50245.91,50254.75,50198.5,50242.44,248.152,12464094.20072
1615199700000,50182.85,50250.0,50155.07,50246.88,493.99,24810340.82711
1615199640000,50148.11,50212.69,50115.75,50179.11,402.038,20167745.68976
1615199580000,50115.71,50151.0,50072.8,50143.23,180.246,9032553.68376
1615199520000,50089.96,50150.0,50085.04,50115.72,185.132,9279453.07358
1615199460000,50072.0,50094.66,50039.3,50089.97,175.182,8770605.10976
1615199400000,50020.69,50100.0,50020.69,50072.0,183.055,9165370.21658
1615199340000,49952.52,50039.87,49948.28,50020.7,294.951,14748066.34751
1615199280000,49980.84,49987.12,49927.01,49952.52,135.122,6749207.48225
1615199220000,49936.7,49980.83,49936.07,49980.83,162.511,8119339.46948
1615199160000,49924.09,49950.0,49869.02,49936.69,143.796,7176368.33444
1615199100000,49881.01,49960.0,49881.0,49924.1,138.066,6893266.09317
1615199040000,49971.09,49971.1,49861.27,49881.0,447.621,22340307.58356
1615198980000,49997.99,49997.99,49951.0,49970.01,145.266,7259272.4099
1615198920000,50025.09,50043.99,49976.24,49999.19,273.471,13672628.043
1615198860000,50032.5,50047.94,50012.47,50021.19,306.149,15316761.18092
1615198800000,50056.18,50100.0,50032.49,50032.49,275.456,13789926.64489
1615198740000,50157.07,50157.07,50050.36,50056.17,318.253,15942789.30028
1615198680000,50050.01,50164.01,50021.14,50157.32,418.741,20974000.85538
1615198620000,50066.61,50100.0,50050.0,50050.0,200.876,10060209.95574
1615198560000,50043.86,50083.91,50033.8,50066.61,319.358,15986319.63277
1615198500000,49932.05,50077.35,49906.38,50044.8,258.066,12907050.05029
1615198440000,49897.3,49945.91,49887.0,49932.04,109.682,5474317.544
1615198380000,49974.78,49974.78,49885.43,49900.25,134.483,6713785.736
1615198320000,49956.0,50049.02,49950.0,49974.58,432.064,21604139.77622
1615198260000,49729.74,49982.21,49723.0,49958.78,865.098,43157682.72207
1615198200000,49788.28,49799.31,49725.0,49727.02,102.483,5099789.25346
1615198140000,49767.07,49826.99,49762.5,49788.28,102.473,5103386.79855
1615198080000,49870.01,49871.91,49750.51,49762.44,427.096,21268488.97093
1615198020000,49922.83,49924.6,49870.0,49870.01,49.373,2463423.05717
1615197960000,49897.92,49930.0,49860.0,49922.83,100.896,5033814.83728
1615197900000,49873.5,49899.98,49857.58,49897.91,76.636,3822297.82209
1615197840000,49895.43,49901.07,49850.05,49876.16,85.46,4262478.72879
1615197780000,49899.98,49935.0,49889.03,49895.43,108.914,5435801.74832
1615197720000,49871.51,49900.0,49861.12,49899.99,67.541,3369266.19233
1615197660000,49856.6,49871.51,49822.0,49871.51,76.04,3789981.89885
1615197600000,49928.0,49934.24,49850.37,49856.6,124.209,6197244.92436
1615197540000,49847.55,49940.0,49847.55,49928.0,267.923,13372280.44366
1615197480000,49833.25,49877.22,49828.79,49850.0,131.013,6531550.0338
1615197420000,49798.03,49847.25,49798.03,49833.25,97.406,4853593.13914
1615197360000,49841.65,49841.66,49790.05,49798.04,80.771,4022629.43637
1615197300000,49855.11,49880.6,49832.84,49841.66,140.279,6994475.37909
1615197240000,49784.39,49861.63,49784.39,49855.11,88.382,4403602.58993
1615197180000,49837.43,49859.68,49783.85,49784.38,93.615,4665049.46829
1615197120000,49808.84,49849.9,49807.42,49840.95,69.935,3484963.67655
1615197060000,49768.0,49822.09,49768.0,49808.84,92.209,4591536.39288
1615197000000,49739.46,49790.0,49739.46,49768.0,80.145,3988869.41473
1615196940000,49817.69,49819.88,49720.0,49739.51,263.212,13097314.7657
1615196880000,49799.29,49850.92,49795.26,49817.69,95.527,4759070.58811
1615196820000,49840.97,49850.0,49771.46,49799.3,127.637,6357565.83039
1615196760000,49791.64,49850.0,49785.02,49840.97,142.382,7093795.50432
1615196700000,49885.98,49902.16,49785.0,49791.65,392.842,19574763.87932
1615196640000,49876.49,49919.49,49871.09,49885.99,278.12,13877459.42229
1615196580000,49792.1,49888.0,49776.6,49876.49,309.985,15450233.51132
1615196520000,49752.66,49840.64,49745.01,49793.34,381.774,19013411.24111
1615196460000,49736.71,49796.1,49729.34,49752.67,271.017,13485428.08324
1615196400000,49660.51,49747.0,49657.29,49736.71,343.498,17078880.74063
1615196340000,49697.81,49698.28,49644.0,49660.5,145.781,7240702.8374
1615196280000,49623.74,49700.0,49602.97,49699.84,194.627,9664857.83534
1615196220000,49591.68,49643.91,49563.13,49623.75,111.536,5532536.52029
1615196160000,49566.12,49624.64,49566.12,49591.06,200.269,9932435.08116
1615196100000,49547.14,49566.6,49514.01,49566.12,147.326,7299138.76174
1615196040000,49572.74,49592.0,49520.0,49547.14,112.995,5598680.36789
1615195980000,49545.34,49594.31,49541.5,49572.74,149.018,7386922.457
1615195920000,49499.77,49578.49,49455.84,49545.34,431.135,21344888.03294
1615195860000,49535.25,49540.0,49440.0,49500.0,468.583,23183770.01512
1615195800000,49684.81,49688.0,49525.15,49531.4,319.457,15839236.68062
1615195740000,49665.03,49709.1,49627.87,49684.81,151.499,7526811.79465
1615195680000,49650.0,49675.75,49634.1,49665.03,79.912,3968096.29082
1615195620000,49659.95,49679.99,49601.0,49650.01,92.338,4584216.95247
1615195560000,49662.06,49687.42,49611.91,49659.95,126.48,6280615.31925
1615195500000,49607.38,49690.16,49607.38,49662.06,218.81,10866628.58961
1615195440000,49588.39,49639.08,49473.48,49607.38,647.398,32077224.18743
1615195380000,49696.3,49697.81,49550.4,49588.7,261.941,12998858.18687
1615195320000,49707.88,49709.49,49663.22,49696.3,161.323,8016270.24207
1615195260000,49676.63,49731.48,49675.09,49707.89,200.524,9967101.13369
1615195200000,49633.98,49688.53,49608.11,49676.63,229.511,11397438.04319
1615195140000,49658.81,49666.75,49545.59,49636.58,552.721,27414494.36388
1615195080000,49684.7,49721.09,49627.32,49658.82,224.387,11145280.74393
1615195020000,49747.07,49750.91,49654.32,49684.71,537.73,26722703.78838
1615194960000,49713.27,49793.52,49704.12,49741.96,195.298,9716357.51863
1615194900000,49802.27,49845.0,49713.27,49713.27,228.98,11396655.64228
1615194840000,49791.86,49813.77,49765.45,49802.28,93.462,4653337.26106
1615194780000,49793.18,49814.99,49762.72,49791.87,184.675,9192657.54877
1615194720000,49823.06,49836.46,49780.0,49792.99,124.092,6180809.08956
1615194660000,49877.48,49888.0,49816.14,49823.07,131.487,6555131.69473
1615194600000,49836.87,49920.0,49820.02,49877.37,227.983,11372761.60804
1615194540000,49784.0,49845.9,49774.36,49836.87,211.086,10512907.3233
1615194480000,49831.11,49872.04,49776.35,49783.8,216.223,10772011.65502
1615194420000,49848.4,49938.01,49831.1,49831.1,246.208,12283752.89227
1615194360000,49940.39,49954.5,49839.34,49848.4,353.5,17634368.74934
1615194300000,49976.95,50006.42,49920.0,49940.02,218.026,10891188.98575
1615194240000,50018.76,50050.0,49966.95,49976.94,174.79,8739719.06173
1615194180000,49947.46,50057.27,49940.53,50018.76,268.634,13435958.81338
1615194120000,50041.47,50052.72,49922.56,49947.45,320.211,16003707.23876
1615194060000,50005.07,50138.85,50003.84,50041.46,823.779,41254929.41243
1615194000000,49906.96,50030.0,49902.32,50006.52,643.473,32155126.11421
1615193940000,49869.08,49911.5,49862.0,49906.96,138.95,6931369.82449
1615193880000,49812.07,49872.52,49812.06,49872.52,116.794,5820997.29504
1615193820000,49878.27,49883.15,49796.75,49816.71,210.936,10511106.2125
1615193760000,49892.77,49939.6,49854.89,49880.7,430.699,21488820.49236
1615193700000,49786.43,49910.45,49744.0,49892.77,381.391,19004275.32624
1615193640000,49656.62,49794.22,49656.62,49786.43,215.864,10734643.11806
1615193580000,49685.84,49697.59,49640.91,49655.65,142.699,7086382.49548
1615193520000,49707.05,49731.7,49658.55,49684.62,82.284,4088492.07158
1615193460000,49716.19,49760.0,49702.02,49707.05,91.958,4573731.00082
1615193400000,49691.62,49734.43,49691.61,49716.19,72.79,3619051.52825
1615193340000,49714.15,49745.0,49683.1,49693.74,114.368,5685180.55837
1615193280000,49721.99,49755.67,49708.0,49713.48,78.008,3879160.09873
1615193220000,49776.99,49785.95,49711.7,49721.99,75.734,3768060.80905
1615193160000,49720.0,49790.94,49720.0,49776.99,108.966,5422340.79841
1615193100000,49687.73,49745.91,49678.8,49720.01,84.95,4223192.78781
1615193040000,49741.58,49741.58,49682.29,49687.74,91.827,4564423.69495
1615192980000,49783.0,49791.46,49730.5,49741.57,101.987,5074361.44917
1615192920000,49750.0,49786.98,49715.83,49786.51,99.625,4957296.27983
1615192860000,49698.33,49750.0,49686.01,49750.0,100.514,4996618.2711
1615192800000,49729.68,49739.18,49675.0,49698.21,79.144,3933692.40539
1615192740000,49728.13,49737.92,49696.59,49729.68,91.052,4526635.83203
1615192680000,49707.29,49744.39,49700.03,49728.14,83.302,4142037.7441
1615192620000,49704.01,49712.6,49660.69,49707.3,103.283,5131720.43862
1615192560000,49796.22,49798.99,49700.0,49703.93,112.754,5607864.65926
1615192500000,49740.0,49799.79,49717.87,49796.21,155.87,7757744.12085
1615192440000,49676.0,49740.0,49658.13,49739.99,126.551,6289796.08023
1615192380000,49713.14,49714.07,49660.55,49677.72,99.805,4959170.27372
1615192320000,49673.56,49724.16,49645.65,49713.13,182.875,9085504.81993
1615192260000,49776.59,49776.59,49660.0,49672.12,206.531,10269354.44549
1615192200000,49717.55,49781.78,49716.9,49774.32,188.872,9397481.24058
1615192140000,49734.01,49742.56,49700.0,49717.55,137.952,6858974.39147
1615192080000,49745.27,49745.27,49700.0,49734.01,113.299,5633587.3375
1615192020000,49629.59,49749.7,49626.14,49745.26,493.628,24533925.94775
1615191960000,49612.49,49631.88,49586.09,49631.88,116.081,5759079.28897
1615191900000,49618.67,49618.67,49554.03,49612.49,156.717,7772048.90563
1615191840000,49624.59,49638.35,49519.99,49618.67,314.356,15586831.55352
1615191780000,49565.8,49624.59,49552.2,49624.59,334.36,16580551.79581
1615191720000,49558.88,49601.01,49522.0,49565.79,405.428,20097414.91676
1615191660000,49556.0,49607.0,49543.19,49558.88,421.248,20887602.6405
1615191600000,49442.86,49571.29,49440.77,49556.0,420.445,20820961.34537
1615191540000,49457.76,49462.48,49410.0,49442.86,207.485,10256526.55598
1615191480000,49473.44,49478.01,49417.56,49457.89,212.544,10509050.73061
1615191420000,49500.01,49501.48,49400.0,49473.44,365.104,18057950.33811
1615191360000,49336.3,49503.96,49325.32,49500.01,886.237,43788322.9923
1615191300000,49502.21,49506.62,49310.0,49326.34,869.224,42935796.0701
1615191240000,49479.86,49549.82,49462.65,49502.21,415.026,20549254.21966
1615191180000,49515.5,49610.0,49393.88,49486.77,1325.542,65600199.11896
1615191120000,49710.33,49730.0,49500.0,49515.47,675.556,33487134.73456
1615191060000,49742.09,49750.0,49663.92,49710.32,175.722,8735599.122
1615191000000,49612.01,49749.83,49608.31,49742.08,247.784,12311403.51663
1615190940000,49661.15,49693.75,49606.0,49611.28,214.832,10663068.60659
1615190880000,49720.0,49729.96,49650.0,49659.36,208.229,10346318.8569
1615190820000,49755.9,49761.37,49714.85,49720.0,118.513,5894284.18379
1615190760000,49788.8,49829.28,49751.14,49755.62,167.16,8323078.83526
1615190700000,49756.59,49805.98,49730.01,49788.8,126.336,6286949.84527
1615190640000,49827.16,49828.5,49717.29,49756.59,146.969,7312858.53152
1615190580000,49753.55,49843.78,49713.19,49827.16,263.557,13120194.30734
1615190520000,49737.68,49754.3,49701.15,49753.55,256.962,12778366.08391
1615190460000,49746.64,49751.0,49614.28,49737.68,401.072,19927956.38897
1615190400000,49787.39,49800.0,49720.0,49743.41,281.401,14003074.8122
1615190340000,49800.94,49848.87,49776.63,49783.97,146.422,7294874.93531
1615190280000,49802.11,49819.04,49750.0,49801.94,144.964,7216211.27841
1615190220000,49884.07,49890.0,49776.29,49803.16,203.591,10142075.16578
1615190160000,49827.12,49893.83,49827.12,49884.08,71.922,3586344.37479
1615190100000,49876.53,49882.0,49822.12,49827.12,81.257,4050343.65494
1615190040000,49840.11,49930.6,49826.0,49876.53,95.176,4747333.9281
1615189980000,49860.47,49878.0,49829.48,49838.2,95.888,4780073.05271
1615189920000,49925.17,49936.0,49860.46,49860.47,108.976,5437038.55446
1615189860000,49906.28,49949.88,49891.7,49925.16,98.134,4898368.10197
1615189800000,49930.05,49934.96,49880.57,49906.28,141.187,7045357.34243
1615189740000,49968.91,49979.14,49923.11,49930.04,172.516,8617763.08454
1615189680000,49949.89,49981.23,49923.01,49968.91,294.234,14697485.70404
1615189620000,49873.71,49949.9,49865.44,49949.46,328.043,16373877.48482
1615189560000,49792.48,49890.0,49792.03,49875.91,325.655,16234368.75653
1615189500000,49817.13,49817.14,49733.39,49792.48,235.208,11706957.42857
1615189440000,49808.39,49843.1,49781.91,49817.14,164.749,8207216.54887
1615189380000,49718.19,49813.67,49718.18,49808.4,202.714,10090333.93807
1615189320000,49791.03,49791.03,49708.4,49717.49,220.697,10976491.65608
1615189260000,49831.62,49838.16,49750.0,49791.04,202.44,10079023.25486
1615189200000,49811.47,49831.63,49771.99,49831.63,128.537,6401046.61976
1615189140000,49799.59,49833.0,49724.0,49808.66,302.413,15056345.40912
